,object,unit,year,minvalue,maxvalue,avgvalue,Country Name,ISO3,prompt_currency
1,"Flour, white, all purpose",Pound (lb),2010,0.441,0.496,0.4769166666666666,USA,USA,"$ (USD, US Dollar)"
7,"Flour, white, all purpose",Pound (lb),2011,0.477,0.55,0.5180833333333333,USA,USA,"$ (USD, US Dollar)"
13,"Flour, white, all purpose",Pound (lb),2012,0.4969999999999999,0.531,0.5169166666666668,USA,USA,"$ (USD, US Dollar)"
19,"Flour, white, all purpose",Pound (lb),2013,0.499,0.533,0.5215833333333334,USA,USA,"$ (USD, US Dollar)"
25,"Flour, white, all purpose",Pound (lb),2014,0.501,0.555,0.5298333333333334,USA,USA,"$ (USD, US Dollar)"
31,"Flour, white, all purpose",Pound (lb),2015,0.496,0.545,0.5166666666666668,USA,USA,"$ (USD, US Dollar)"
37,"Flour, white, all purpose",Pound (lb),2016,0.503,0.547,0.5249999999999999,USA,USA,"$ (USD, US Dollar)"
43,"Flour, white, all purpose",Pound (lb),2017,0.462,0.531,0.50725,USA,USA,"$ (USD, US Dollar)"
49,"Flour, white, all purpose",Pound (lb),2018,0.433,0.4719999999999999,0.4617500000000001,USA,USA,"$ (USD, US Dollar)"
55,"Flour, white, all purpose",Pound (lb),2019,0.417,0.454,0.4411666666666667,USA,USA,"$ (USD, US Dollar)"
61,"Flour, white, all purpose",Pound (lb),2020,0.438,0.4680000000000001,0.4513636363636364,USA,USA,"$ (USD, US Dollar)"
67,"Flour, white, all purpose",Pound (lb),2021,0.356,0.446,0.40375,USA,USA,"$ (USD, US Dollar)"
73,"Rice, white, long grain, uncooked",Pound (lb),2010,0.71,0.764,0.7406666666666667,USA,USA,"$ (USD, US Dollar)"
79,"Rice, white, long grain, uncooked",Pound (lb),2011,0.715,0.767,0.7406666666666667,USA,USA,"$ (USD, US Dollar)"
85,"Rice, white, long grain, uncooked",Pound (lb),2012,0.677,0.739,0.6968333333333333,USA,USA,"$ (USD, US Dollar)"
91,"Rice, white, long grain, uncooked",Pound (lb),2013,0.702,0.741,0.7235833333333334,USA,USA,"$ (USD, US Dollar)"
97,"Rice, white, long grain, uncooked",Pound (lb),2014,0.7,0.758,0.7339999999999999,USA,USA,"$ (USD, US Dollar)"
103,"Rice, white, long grain, uncooked",Pound (lb),2015,0.662,0.732,0.6854166666666667,USA,USA,"$ (USD, US Dollar)"
109,"Rice, white, long grain, uncooked",Pound (lb),2016,0.693,0.747,0.7161666666666667,USA,USA,"$ (USD, US Dollar)"
115,"Rice, white, long grain, uncooked",Pound (lb),2017,0.686,0.764,0.72125,USA,USA,"$ (USD, US Dollar)"
121,"Rice, white, long grain, uncooked",Pound (lb),2018,0.682,0.712,0.6935833333333333,USA,USA,"$ (USD, US Dollar)"
127,"Rice, white, long grain, uncooked",Pound (lb),2019,0.714,0.801,0.7645,USA,USA,"$ (USD, US Dollar)"
133,"Rice, white, long grain, uncooked",Pound (lb),2020,0.716,0.791,0.7585454545454546,USA,USA,"$ (USD, US Dollar)"
139,"Rice, white, long grain, uncooked",Pound (lb),2021,0.772,0.844,0.7937500000000001,USA,USA,"$ (USD, US Dollar)"
145,Spaghetti and macaroni,Pound (lb),2010,1.092,1.191,1.1375,USA,USA,"$ (USD, US Dollar)"
151,Spaghetti and macaroni,Pound (lb),2011,1.116,1.328,1.2420833333333332,USA,USA,"$ (USD, US Dollar)"
157,Spaghetti and macaroni,Pound (lb),2012,1.271,1.369,1.3215833333333336,USA,USA,"$ (USD, US Dollar)"
163,Spaghetti and macaroni,Pound (lb),2013,1.263,1.371,1.3048333333333335,USA,USA,"$ (USD, US Dollar)"
169,Spaghetti and macaroni,Pound (lb),2014,1.164,1.375,1.2829166666666665,USA,USA,"$ (USD, US Dollar)"
175,Spaghetti and macaroni,Pound (lb),2015,1.264,1.392,1.3183333333333334,USA,USA,"$ (USD, US Dollar)"
181,Spaghetti and macaroni,Pound (lb),2016,1.265,1.341,1.30025,USA,USA,"$ (USD, US Dollar)"
187,Spaghetti and macaroni,Pound (lb),2017,1.235,1.31,1.2769166666666667,USA,USA,"$ (USD, US Dollar)"
193,Spaghetti and macaroni,Pound (lb),2018,1.138,1.227,1.1855833333333334,USA,USA,"$ (USD, US Dollar)"
199,Spaghetti and macaroni,Pound (lb),2019,1.178,1.237,1.2055833333333337,USA,USA,"$ (USD, US Dollar)"
205,Spaghetti and macaroni,Pound (lb),2020,1.22,1.313,1.2626666666666668,USA,USA,"$ (USD, US Dollar)"
211,Spaghetti and macaroni,Pound (lb),2021,1.067,1.341,1.17925,USA,USA,"$ (USD, US Dollar)"
217,"Bread, white, pan",Pound (lb),2010,1.359,1.407,1.373333333333333,USA,USA,"$ (USD, US Dollar)"
223,"Bread, white, pan",Pound (lb),2011,1.398,1.513,1.4446666666666663,USA,USA,"$ (USD, US Dollar)"
229,"Bread, white, pan",Pound (lb),2012,1.395,1.442,1.4176666666666666,USA,USA,"$ (USD, US Dollar)"
235,"Bread, white, pan",Pound (lb),2013,1.358,1.439,1.4066666666666665,USA,USA,"$ (USD, US Dollar)"
241,"Bread, white, pan",Pound (lb),2014,1.359,1.466,1.40125,USA,USA,"$ (USD, US Dollar)"
247,"Bread, white, pan",Pound (lb),2015,1.409,1.479,1.4409999999999998,USA,USA,"$ (USD, US Dollar)"
253,"Bread, white, pan",Pound (lb),2016,1.329,1.425,1.37125,USA,USA,"$ (USD, US Dollar)"
259,"Bread, white, pan",Pound (lb),2017,1.295,1.358,1.3325833333333337,USA,USA,"$ (USD, US Dollar)"
265,"Bread, white, pan",Pound (lb),2018,1.265,1.309,1.2859999999999998,USA,USA,"$ (USD, US Dollar)"
271,"Bread, white, pan",Pound (lb),2019,1.261,1.363,1.2976666666666663,USA,USA,"$ (USD, US Dollar)"
277,"Bread, white, pan",Pound (lb),2020,1.351,1.538,1.4516666666666669,USA,USA,"$ (USD, US Dollar)"
283,"Bread, white, pan",Pound (lb),2021,1.467,1.58,1.5235833333333335,USA,USA,"$ (USD, US Dollar)"
289,"Bread, whole wheat, pan",Pound (lb),2010,1.681,1.884,1.7820833333333337,USA,USA,"$ (USD, US Dollar)"
295,"Bread, whole wheat, pan",Pound (lb),2011,1.85,2.093,1.960416666666667,USA,USA,"$ (USD, US Dollar)"
301,"Bread, whole wheat, pan",Pound (lb),2012,1.905,2.056,1.988,USA,USA,"$ (USD, US Dollar)"
307,"Bread, whole wheat, pan",Pound (lb),2013,1.976,2.078,2.04175,USA,USA,"$ (USD, US Dollar)"
313,"Bread, whole wheat, pan",Pound (lb),2014,1.921,2.092,2.0344166666666665,USA,USA,"$ (USD, US Dollar)"
319,"Bread, whole wheat, pan",Pound (lb),2015,1.948,2.042,1.9918333333333331,USA,USA,"$ (USD, US Dollar)"
325,"Bread, whole wheat, pan",Pound (lb),2016,1.909,2.024,1.9644166666666671,USA,USA,"$ (USD, US Dollar)"
331,"Bread, whole wheat, pan",Pound (lb),2017,1.929,2.032,1.9909166666666671,USA,USA,"$ (USD, US Dollar)"
337,"Bread, whole wheat, pan",Pound (lb),2018,1.8959999999999997,2.039,1.9605,USA,USA,"$ (USD, US Dollar)"
343,"Bread, whole wheat, pan",Pound (lb),2019,1.905,1.964,1.9443333333333337,USA,USA,"$ (USD, US Dollar)"
349,"Bread, whole wheat, pan",Pound (lb),2020,1.9610000000000003,2.207,2.091083333333333,USA,USA,"$ (USD, US Dollar)"
355,"Bread, whole wheat, pan",Pound (lb),2021,2.026,2.209,2.1338333333333335,USA,USA,"$ (USD, US Dollar)"
361,"Cookies, chocolate chip",Pound (lb),2010,3.134,3.442,3.252,USA,USA,"$ (USD, US Dollar)"
367,"Cookies, chocolate chip",Pound (lb),2011,3.123,3.682,3.348333333333333,USA,USA,"$ (USD, US Dollar)"
373,"Cookies, chocolate chip",Pound (lb),2012,3.346,3.841,3.6239166666666662,USA,USA,"$ (USD, US Dollar)"
379,"Cookies, chocolate chip",Pound (lb),2013,3.428,3.781,3.6373333333333338,USA,USA,"$ (USD, US Dollar)"
385,"Cookies, chocolate chip",Pound (lb),2014,3.279,3.641,3.4103333333333334,USA,USA,"$ (USD, US Dollar)"
391,"Cookies, chocolate chip",Pound (lb),2015,3.212,3.486,3.3539999999999996,USA,USA,"$ (USD, US Dollar)"
397,"Cookies, chocolate chip",Pound (lb),2016,3.217,3.47,3.346916666666667,USA,USA,"$ (USD, US Dollar)"
403,"Cookies, chocolate chip",Pound (lb),2017,3.346,3.639,3.4915000000000003,USA,USA,"$ (USD, US Dollar)"
409,"Cookies, chocolate chip",Pound (lb),2018,3.328,3.725,3.4996666666666676,USA,USA,"$ (USD, US Dollar)"
415,"Cookies, chocolate chip",Pound (lb),2019,3.311,3.603,3.4929166666666664,USA,USA,"$ (USD, US Dollar)"
421,"Cookies, chocolate chip",Pound (lb),2020,3.525,3.8479999999999994,3.700083333333334,USA,USA,"$ (USD, US Dollar)"
427,"Cookies, chocolate chip",Pound (lb),2021,3.669000000000001,4.089,3.9560833333333334,USA,USA,"$ (USD, US Dollar)"
433,"Ground chuck, 100% beef",Pound (lb),2010,2.824,2.978,2.905416666666667,USA,USA,"$ (USD, US Dollar)"
439,"Ground chuck, 100% beef",Pound (lb),2011,2.991,3.277,3.1855,USA,USA,"$ (USD, US Dollar)"
445,"Ground chuck, 100% beef",Pound (lb),2012,3.292,3.514,3.4101666666666666,USA,USA,"$ (USD, US Dollar)"
451,"Ground chuck, 100% beef",Pound (lb),2013,3.403,3.61,3.47,USA,USA,"$ (USD, US Dollar)"
457,"Ground chuck, 100% beef",Pound (lb),2014,3.586,4.294,3.96825,USA,USA,"$ (USD, US Dollar)"
463,"Ground chuck, 100% beef",Pound (lb),2015,4.025,4.403,4.2505,USA,USA,"$ (USD, US Dollar)"
469,"Ground chuck, 100% beef",Pound (lb),2016,3.619,4.019,3.845166666666666,USA,USA,"$ (USD, US Dollar)"
475,"Ground chuck, 100% beef",Pound (lb),2017,3.549,3.866000000000001,3.708916666666667,USA,USA,"$ (USD, US Dollar)"
481,"Ground chuck, 100% beef",Pound (lb),2018,3.659,3.824,3.7260833333333334,USA,USA,"$ (USD, US Dollar)"
487,"Ground chuck, 100% beef",Pound (lb),2019,3.727,4.066,3.939750000000001,USA,USA,"$ (USD, US Dollar)"
493,"Ground chuck, 100% beef",Pound (lb),2020,4.033,5.33,4.387583333333333,USA,USA,"$ (USD, US Dollar)"
499,"Ground chuck, 100% beef",Pound (lb),2021,4.252,4.869,4.558583333333334,USA,USA,"$ (USD, US Dollar)"
505,"Ground beef, 100% beef",Pound (lb),2010,2.24,2.502,2.3659166666666667,USA,USA,"$ (USD, US Dollar)"
511,"Ground beef, 100% beef",Pound (lb),2011,2.533,2.921,2.7748333333333335,USA,USA,"$ (USD, US Dollar)"
517,"Ground beef, 100% beef",Pound (lb),2012,2.947,3.175,3.029363636363637,USA,USA,"$ (USD, US Dollar)"
523,"Ground beef, 100% beef",Pound (lb),2013,3.268,3.502,3.401666666666667,USA,USA,"$ (USD, US Dollar)"
529,"Ground beef, 100% beef",Pound (lb),2014,3.467,4.201,3.8973333333333335,USA,USA,"$ (USD, US Dollar)"
535,"Ground beef, 100% beef",Pound (lb),2015,4.06,4.238,4.166833333333334,USA,USA,"$ (USD, US Dollar)"
541,"Ground beef, 100% beef",Pound (lb),2016,3.559,3.9780000000000006,3.750083333333334,USA,USA,"$ (USD, US Dollar)"
547,"Ground beef, 100% beef",Pound (lb),2017,3.547,3.754,3.6429999999999993,USA,USA,"$ (USD, US Dollar)"
553,"Ground beef, 100% beef",Pound (lb),2018,3.641,3.7919999999999994,3.7153333333333336,USA,USA,"$ (USD, US Dollar)"
559,"Ground beef, 100% beef",Pound (lb),2019,3.725,3.862,3.8065,USA,USA,"$ (USD, US Dollar)"
565,"Ground beef, 100% beef",Pound (lb),2020,3.865,4.737,4.1154166666666665,USA,USA,"$ (USD, US Dollar)"
571,"Ground beef, 100% beef",Pound (lb),2021,3.965,4.719,4.328916666666666,USA,USA,"$ (USD, US Dollar)"
577,"Ground beef, lean and extra lean",Pound (lb),2010,3.397,3.628,3.501666666666667,USA,USA,"$ (USD, US Dollar)"
583,"Ground beef, lean and extra lean",Pound (lb),2011,3.556,3.89,3.769583333333333,USA,USA,"$ (USD, US Dollar)"
589,"Ground beef, lean and extra lean",Pound (lb),2012,3.883999999999999,4.213,4.064166666666667,USA,USA,"$ (USD, US Dollar)"
595,"Ground beef, lean and extra lean",Pound (lb),2013,4.705,5.057,4.860916666666667,USA,USA,"$ (USD, US Dollar)"
601,"Ground beef, lean and extra lean",Pound (lb),2014,5.021,6.078,5.558166666666668,USA,USA,"$ (USD, US Dollar)"
607,"Ground beef, lean and extra lean",Pound (lb),2015,5.885,6.195,6.0995,USA,USA,"$ (USD, US Dollar)"
613,"Ground beef, lean and extra lean",Pound (lb),2016,5.542,5.865,5.71125,USA,USA,"$ (USD, US Dollar)"
619,"Ground beef, lean and extra lean",Pound (lb),2017,5.369,5.888,5.626083333333333,USA,USA,"$ (USD, US Dollar)"
625,"Ground beef, lean and extra lean",Pound (lb),2018,5.245,5.523,5.346666666666667,USA,USA,"$ (USD, US Dollar)"
631,"Ground beef, lean and extra lean",Pound (lb),2019,5.186,5.518,5.380166666666668,USA,USA,"$ (USD, US Dollar)"
637,"Ground beef, lean and extra lean",Pound (lb),2020,5.521,6.314,5.799666666666666,USA,USA,"$ (USD, US Dollar)"
643,"Ground beef, lean and extra lean",Pound (lb),2021,5.611,6.371,6.03325,USA,USA,"$ (USD, US Dollar)"
649,"Chuck roast, graded and ungraded, excluding USDA Prime and Choice",Pound (lb),2010,3.345,3.607,3.5076666666666667,USA,USA,"$ (USD, US Dollar)"
655,"Chuck roast, graded and ungraded, excluding USDA Prime and Choice",Pound (lb),2011,3.64,3.9780000000000006,3.8665833333333337,USA,USA,"$ (USD, US Dollar)"
661,"Chuck roast, graded and ungraded, excluding USDA Prime and Choice",Pound (lb),2012,3.794999999999999,4.16,3.986583333333334,USA,USA,"$ (USD, US Dollar)"
667,"Chuck roast, graded and ungraded, excluding USDA Prime and Choice",Pound (lb),2013,3.696,4.289,4.146,USA,USA,"$ (USD, US Dollar)"
673,"Chuck roast, graded and ungraded, excluding USDA Prime and Choice",Pound (lb),2014,4.201,5.368,4.896916666666667,USA,USA,"$ (USD, US Dollar)"
679,"Chuck roast, graded and ungraded, excluding USDA Prime and Choice",Pound (lb),2015,4.783,5.362,5.20175,USA,USA,"$ (USD, US Dollar)"
685,"Chuck roast, graded and ungraded, excluding USDA Prime and Choice",Pound (lb),2016,4.484,5.143,4.902416666666667,USA,USA,"$ (USD, US Dollar)"
691,"Chuck roast, graded and ungraded, excluding USDA Prime and Choice",Pound (lb),2017,4.265,5.03,4.675083333333333,USA,USA,"$ (USD, US Dollar)"
697,"Chuck roast, USDA Choice, boneless",Pound (lb),2010,3.719,4.036,3.851833333333333,USA,USA,"$ (USD, US Dollar)"
703,"Chuck roast, USDA Choice, boneless",Pound (lb),2011,3.889,4.579,4.244166666666666,USA,USA,"$ (USD, US Dollar)"
709,"Chuck roast, USDA Choice, boneless",Pound (lb),2012,4.188,4.567,4.3933333333333335,USA,USA,"$ (USD, US Dollar)"
715,"Chuck roast, USDA Choice, boneless",Pound (lb),2013,4.475,4.747,4.609166666666667,USA,USA,"$ (USD, US Dollar)"
721,"Chuck roast, USDA Choice, boneless",Pound (lb),2014,4.534,5.682,5.198333333333333,USA,USA,"$ (USD, US Dollar)"
727,"Chuck roast, USDA Choice, boneless",Pound (lb),2015,5.414,5.704,5.602833333333333,USA,USA,"$ (USD, US Dollar)"
733,"Chuck roast, USDA Choice, boneless",Pound (lb),2016,5.104,5.381,5.221666666666667,USA,USA,"$ (USD, US Dollar)"
739,"Chuck roast, USDA Choice, boneless",Pound (lb),2017,4.962,5.342,5.1459166666666665,USA,USA,"$ (USD, US Dollar)"
745,"Chuck roast, USDA Choice, boneless",Pound (lb),2018,4.792,5.458,5.185250000000001,USA,USA,"$ (USD, US Dollar)"
751,"Chuck roast, USDA Choice, boneless",Pound (lb),2019,5.131,5.646,5.351916666666667,USA,USA,"$ (USD, US Dollar)"
757,"Chuck roast, USDA Choice, boneless",Pound (lb),2020,5.368,7.165,6.0135,USA,USA,"$ (USD, US Dollar)"
763,"Chuck roast, USDA Choice, boneless",Pound (lb),2021,5.811,7.457,6.6169166666666674,USA,USA,"$ (USD, US Dollar)"
769,"Round roast, USDA Choice, boneless",Pound (lb),2010,3.933,4.276,4.0825000000000005,USA,USA,"$ (USD, US Dollar)"
775,"Round roast, USDA Choice, boneless",Pound (lb),2011,4.166,4.558,4.405916666666667,USA,USA,"$ (USD, US Dollar)"
781,"Round roast, USDA Choice, boneless",Pound (lb),2012,4.673,4.872,4.737916666666667,USA,USA,"$ (USD, US Dollar)"
787,"Round roast, USDA Choice, boneless",Pound (lb),2013,4.551,4.825,4.651000000000001,USA,USA,"$ (USD, US Dollar)"
793,"Round roast, USDA Choice, boneless",Pound (lb),2014,4.641,5.661,5.259333333333333,USA,USA,"$ (USD, US Dollar)"
799,"Round roast, USDA Choice, boneless",Pound (lb),2015,5.279,5.736,5.597416666666668,USA,USA,"$ (USD, US Dollar)"
805,"Round roast, USDA Choice, boneless",Pound (lb),2016,4.82,5.534,5.20725,USA,USA,"$ (USD, US Dollar)"
811,"Round roast, USDA Choice, boneless",Pound (lb),2017,4.916,5.326,5.1113333333333335,USA,USA,"$ (USD, US Dollar)"
817,"Round roast, USDA Choice, boneless",Pound (lb),2018,4.791,5.205,5.031666666666666,USA,USA,"$ (USD, US Dollar)"
823,"Round roast, USDA Choice, boneless",Pound (lb),2019,4.968,5.458,5.20225,USA,USA,"$ (USD, US Dollar)"
829,"Round roast, USDA Choice, boneless",Pound (lb),2020,5.062,6.906,5.685583333333333,USA,USA,"$ (USD, US Dollar)"
835,"Round roast, USDA Choice, boneless",Pound (lb),2021,5.475,6.426,5.987833333333332,USA,USA,"$ (USD, US Dollar)"
841,"Beef for stew, boneless",Pound (lb),2010,3.633,4.077,3.89175,USA,USA,"$ (USD, US Dollar)"
847,"Beef for stew, boneless",Pound (lb),2011,3.969,4.335,4.245583333333334,USA,USA,"$ (USD, US Dollar)"
853,"Beef for stew, boneless",Pound (lb),2012,4.424,4.633,4.503416666666667,USA,USA,"$ (USD, US Dollar)"
859,"Beef for stew, boneless",Pound (lb),2013,4.428,4.686,4.574416666666667,USA,USA,"$ (USD, US Dollar)"
865,"Beef for stew, boneless",Pound (lb),2014,4.628,5.652,5.213666666666667,USA,USA,"$ (USD, US Dollar)"
871,"Beef for stew, boneless",Pound (lb),2015,5.421,5.712,5.597583333333333,USA,USA,"$ (USD, US Dollar)"
877,"Beef for stew, boneless",Pound (lb),2016,5.05,5.585,5.319166666666667,USA,USA,"$ (USD, US Dollar)"
883,"Beef for stew, boneless",Pound (lb),2017,5.042,5.69,5.3669166666666674,USA,USA,"$ (USD, US Dollar)"
889,"Beef for stew, boneless",Pound (lb),2018,5.399,5.518,5.4585,USA,USA,"$ (USD, US Dollar)"
895,"Beef for stew, boneless",Pound (lb),2019,5.527,5.792,5.644363636363637,USA,USA,"$ (USD, US Dollar)"
901,"Beef for stew, boneless",Pound (lb),2020,5.696,6.752,5.964083333333334,USA,USA,"$ (USD, US Dollar)"
907,"Beef for stew, boneless",Pound (lb),2021,5.762,7.363,6.52225,USA,USA,"$ (USD, US Dollar)"
913,"Steak, round, USDA Choice, boneless",Pound (lb),2010,4.075,4.429,4.2785,USA,USA,"$ (USD, US Dollar)"
919,"Steak, round, USDA Choice, boneless",Pound (lb),2011,4.379,4.723,4.607583333333333,USA,USA,"$ (USD, US Dollar)"
925,"Steak, round, USDA Choice, boneless",Pound (lb),2012,4.669,4.901,4.793833333333334,USA,USA,"$ (USD, US Dollar)"
931,"Steak, round, USDA Choice, boneless",Pound (lb),2013,4.709,5.006,4.878333333333334,USA,USA,"$ (USD, US Dollar)"
937,"Steak, round, USDA Choice, boneless",Pound (lb),2014,5.033,6.261,5.681083333333333,USA,USA,"$ (USD, US Dollar)"
943,"Steak, round, USDA Choice, boneless",Pound (lb),2015,5.932,6.243,6.146833333333333,USA,USA,"$ (USD, US Dollar)"
949,"Steak, round, USDA Choice, boneless",Pound (lb),2016,5.556,6.134,5.896833333333333,USA,USA,"$ (USD, US Dollar)"
955,"Steak, round, USDA Choice, boneless",Pound (lb),2017,5.577,5.939,5.787916666666665,USA,USA,"$ (USD, US Dollar)"
961,"Steak, round, USDA Choice, boneless",Pound (lb),2018,5.512,5.839,5.7059999999999995,USA,USA,"$ (USD, US Dollar)"
967,"Steak, round, USDA Choice, boneless",Pound (lb),2019,5.601,5.977,5.833750000000001,USA,USA,"$ (USD, US Dollar)"
973,"Steak, round, USDA Choice, boneless",Pound (lb),2020,5.963,7.394,6.533083333333334,USA,USA,"$ (USD, US Dollar)"
979,"Steak, round, USDA Choice, boneless",Pound (lb),2021,6.412,7.404000000000001,6.973166666666667,USA,USA,"$ (USD, US Dollar)"
985,"Steak, round, graded and ungraded, excluding USDA Prime and Choice",Pound (lb),2010,3.9020000000000006,4.361,4.108249999999999,USA,USA,"$ (USD, US Dollar)"
991,"Steak, round, graded and ungraded, excluding USDA Prime and Choice",Pound (lb),2011,4.365,4.811,4.551749999999999,USA,USA,"$ (USD, US Dollar)"
997,"Steak, round, graded and ungraded, excluding USDA Prime and Choice",Pound (lb),2012,4.553,5.066,4.791583333333333,USA,USA,"$ (USD, US Dollar)"
1003,"Steak, round, graded and ungraded, excluding USDA Prime and Choice",Pound (lb),2013,4.826,5.074,4.9585833333333325,USA,USA,"$ (USD, US Dollar)"
1009,"Steak, round, graded and ungraded, excluding USDA Prime and Choice",Pound (lb),2014,4.998,6.162,5.633416666666668,USA,USA,"$ (USD, US Dollar)"
1015,"Steak, round, graded and ungraded, excluding USDA Prime and Choice",Pound (lb),2015,5.918,6.256,6.0865833333333335,USA,USA,"$ (USD, US Dollar)"
1021,"Steak, round, graded and ungraded, excluding USDA Prime and Choice",Pound (lb),2016,5.465,5.954,5.749583333333334,USA,USA,"$ (USD, US Dollar)"
1027,"Steak, round, graded and ungraded, excluding USDA Prime and Choice",Pound (lb),2017,5.304,6.133,5.787,USA,USA,"$ (USD, US Dollar)"
1033,"Steak, round, graded and ungraded, excluding USDA Prime and Choice",Pound (lb),2018,5.628,6.129,5.931000000000001,USA,USA,"$ (USD, US Dollar)"
1039,"Steak, round, graded and ungraded, excluding USDA Prime and Choice",Pound (lb),2019,6.036,6.036,6.036,USA,USA,"$ (USD, US Dollar)"
1045,"Steak, sirloin, USDA Choice, boneless",Pound (lb),2010,5.312,6.145,5.826499999999999,USA,USA,"$ (USD, US Dollar)"
1051,"Steak, sirloin, USDA Choice, boneless",Pound (lb),2011,5.891,6.463,6.225083333333333,USA,USA,"$ (USD, US Dollar)"
1057,"Steak, sirloin, USDA Choice, boneless",Pound (lb),2012,6.401,6.904,6.651250000000001,USA,USA,"$ (USD, US Dollar)"
1063,"Steak, sirloin, USDA Choice, boneless",Pound (lb),2013,6.604,7.078,6.8294999999999995,USA,USA,"$ (USD, US Dollar)"
1069,"Steak, sirloin, USDA Choice, boneless",Pound (lb),2014,6.773,8.277,7.6915,USA,USA,"$ (USD, US Dollar)"
1075,"Steak, sirloin, USDA Choice, boneless",Pound (lb),2015,8.08,8.864,8.570333333333334,USA,USA,"$ (USD, US Dollar)"
1081,"Steak, sirloin, USDA Choice, boneless",Pound (lb),2016,7.910000000000001,8.69,8.38575,USA,USA,"$ (USD, US Dollar)"
1087,"Steak, sirloin, USDA Choice, boneless",Pound (lb),2017,7.79,8.359,8.047666666666666,USA,USA,"$ (USD, US Dollar)"
1093,"Steak, sirloin, USDA Choice, boneless",Pound (lb),2018,8.205,8.561,8.401833333333334,USA,USA,"$ (USD, US Dollar)"
1099,"Steak, sirloin, USDA Choice, boneless",Pound (lb),2019,8.083,8.706,8.373166666666666,USA,USA,"$ (USD, US Dollar)"
1105,"Steak, sirloin, USDA Choice, boneless",Pound (lb),2020,8.265,10.423,8.951,USA,USA,"$ (USD, US Dollar)"
1111,"Steak, sirloin, USDA Choice, boneless",Pound (lb),2021,9.079,11.654,10.311749999999998,USA,USA,"$ (USD, US Dollar)"
1117,"Bacon, sliced",Pound (lb),2010,3.63,4.773,4.105166666666666,USA,USA,"$ (USD, US Dollar)"
1123,"Bacon, sliced",Pound (lb),2011,4.25,4.84,4.6285,USA,USA,"$ (USD, US Dollar)"
1129,"Bacon, sliced",Pound (lb),2012,4.326,4.692,4.556333333333334,USA,USA,"$ (USD, US Dollar)"
1135,"Bacon, sliced",Pound (lb),2013,4.722,5.708,5.2861666666666665,USA,USA,"$ (USD, US Dollar)"
1141,"Bacon, sliced",Pound (lb),2014,5.461,6.106,5.776166666666668,USA,USA,"$ (USD, US Dollar)"
1147,"Bacon, sliced",Pound (lb),2015,4.94,5.899,5.453833333333333,USA,USA,"$ (USD, US Dollar)"
1153,"Bacon, sliced",Pound (lb),2016,5.102,5.656,5.420750000000001,USA,USA,"$ (USD, US Dollar)"
1159,"Bacon, sliced",Pound (lb),2017,5.18,6.366,5.768916666666667,USA,USA,"$ (USD, US Dollar)"
1165,"Bacon, sliced",Pound (lb),2018,5.247,5.654,5.466166666666666,USA,USA,"$ (USD, US Dollar)"
1171,"Bacon, sliced",Pound (lb),2019,5.474,5.878,5.612500000000001,USA,USA,"$ (USD, US Dollar)"
1177,"Bacon, sliced",Pound (lb),2020,5.257,5.831,5.582166666666667,USA,USA,"$ (USD, US Dollar)"
1183,"Bacon, sliced",Pound (lb),2021,5.778,7.317,6.638166666666666,USA,USA,"$ (USD, US Dollar)"
1189,"Chops, center cut, bone-in",Pound (lb),2010,3.228,3.586,3.4536666666666664,USA,USA,"$ (USD, US Dollar)"
1195,"Chops, center cut, bone-in",Pound (lb),2011,3.628,3.830999999999999,3.725416666666668,USA,USA,"$ (USD, US Dollar)"
1201,"Chops, center cut, bone-in",Pound (lb),2012,3.572,3.850000000000001,3.7302499999999994,USA,USA,"$ (USD, US Dollar)"
1207,"Chops, center cut, bone-in",Pound (lb),2013,3.502,3.921,3.6833333333333327,USA,USA,"$ (USD, US Dollar)"
1213,"Chops, center cut, bone-in",Pound (lb),2014,3.669000000000001,4.414,4.188583333333334,USA,USA,"$ (USD, US Dollar)"
1219,"Chops, center cut, bone-in",Pound (lb),2015,3.965,4.224,4.106416666666667,USA,USA,"$ (USD, US Dollar)"
1225,"Chops, center cut, bone-in",Pound (lb),2016,3.633,4.028,3.870833333333334,USA,USA,"$ (USD, US Dollar)"
1231,"Chops, center cut, bone-in",Pound (lb),2017,3.625,3.896,3.734083333333332,USA,USA,"$ (USD, US Dollar)"
1237,"Chops, center cut, bone-in",Pound (lb),2018,3.558,4.004,3.804166666666667,USA,USA,"$ (USD, US Dollar)"
1243,"Chops, center cut, bone-in",Pound (lb),2019,3.576,4.041,3.8395000000000006,USA,USA,"$ (USD, US Dollar)"
1249,"Chops, center cut, bone-in",Pound (lb),2020,3.781,4.544,4.116416666666667,USA,USA,"$ (USD, US Dollar)"
1255,"Chops, center cut, bone-in",Pound (lb),2021,3.943,4.394,4.219583333333333,USA,USA,"$ (USD, US Dollar)"
1261,"Chops, boneless",Pound (lb),2010,3.566,3.977,3.814833333333334,USA,USA,"$ (USD, US Dollar)"
1267,"Chops, boneless",Pound (lb),2011,3.921,4.208,4.053,USA,USA,"$ (USD, US Dollar)"
1273,"Chops, boneless",Pound (lb),2012,3.883000000000001,4.037,3.9649166666666664,USA,USA,"$ (USD, US Dollar)"
1279,"Chops, boneless",Pound (lb),2013,3.801,4.058,3.95775,USA,USA,"$ (USD, US Dollar)"
1285,"Chops, boneless",Pound (lb),2014,4.021,4.605,4.374416666666666,USA,USA,"$ (USD, US Dollar)"
1291,"Chops, boneless",Pound (lb),2015,4.153,4.484,4.327333333333333,USA,USA,"$ (USD, US Dollar)"
1297,"Chops, boneless",Pound (lb),2016,3.751,4.292,4.087916666666667,USA,USA,"$ (USD, US Dollar)"
1303,"Chops, boneless",Pound (lb),2017,3.664,3.9169999999999994,3.8080833333333337,USA,USA,"$ (USD, US Dollar)"
1309,"Chops, boneless",Pound (lb),2018,3.665,3.830000000000001,3.7306666666666666,USA,USA,"$ (USD, US Dollar)"
1315,"Chops, boneless",Pound (lb),2019,3.666,3.8330000000000006,3.762666666666667,USA,USA,"$ (USD, US Dollar)"
1321,"Chops, boneless",Pound (lb),2020,3.791,4.689,4.183166666666667,USA,USA,"$ (USD, US Dollar)"
1327,"Chops, boneless",Pound (lb),2021,4.137,4.541,4.373,USA,USA,"$ (USD, US Dollar)"
1333,"Ham, boneless, excluding canned",Pound (lb),2010,3.146,3.587,3.3891666666666667,USA,USA,"$ (USD, US Dollar)"
1339,"Ham, boneless, excluding canned",Pound (lb),2011,3.464,3.721000000000001,3.5881666666666674,USA,USA,"$ (USD, US Dollar)"
1345,"Ham, boneless, excluding canned",Pound (lb),2012,3.645,3.784,3.725583333333333,USA,USA,"$ (USD, US Dollar)"
1351,"Ham, boneless, excluding canned",Pound (lb),2013,3.712,4.175,3.981916666666667,USA,USA,"$ (USD, US Dollar)"
1357,"Ham, boneless, excluding canned",Pound (lb),2014,4.109,4.639,4.333166666666667,USA,USA,"$ (USD, US Dollar)"
1363,"Ham, boneless, excluding canned",Pound (lb),2015,4.034,4.428,4.188999999999999,USA,USA,"$ (USD, US Dollar)"
1369,"Ham, boneless, excluding canned",Pound (lb),2016,3.93,4.137,4.033083333333333,USA,USA,"$ (USD, US Dollar)"
1375,"Ham, boneless, excluding canned",Pound (lb),2017,3.7240000000000006,4.02,3.8690833333333337,USA,USA,"$ (USD, US Dollar)"
1381,"Ham, boneless, excluding canned",Pound (lb),2018,3.741999999999999,4.234,4.020416666666667,USA,USA,"$ (USD, US Dollar)"
1387,"Ham, boneless, excluding canned",Pound (lb),2019,3.974,4.464,4.2364999999999995,USA,USA,"$ (USD, US Dollar)"
1393,"Ham, boneless, excluding canned",Pound (lb),2020,4.194,4.631,4.487454545454546,USA,USA,"$ (USD, US Dollar)"
1399,"Ham, boneless, excluding canned",Pound (lb),2021,4.616,4.964,4.828083333333333,USA,USA,"$ (USD, US Dollar)"
1405,"Frankfurters, all meat or all beef",Pound (lb),2015,3.515,3.605,3.5700000000000003,USA,USA,"$ (USD, US Dollar)"
1411,"Frankfurters, all meat or all beef",Pound (lb),2016,2.913,3.621,3.24,USA,USA,"$ (USD, US Dollar)"
1417,"Frankfurters, all meat or all beef",Pound (lb),2017,2.602,3.081,2.8513333333333333,USA,USA,"$ (USD, US Dollar)"
1423,"Frankfurters, all meat or all beef",Pound (lb),2018,2.746,3.116,2.9150833333333335,USA,USA,"$ (USD, US Dollar)"
1429,"Frankfurters, all meat or all beef",Pound (lb),2019,2.866,3.408,3.0994166666666665,USA,USA,"$ (USD, US Dollar)"
1435,"Frankfurters, all meat or all beef",Pound (lb),2020,3.347,3.787,3.537333333333333,USA,USA,"$ (USD, US Dollar)"
1441,"Frankfurters, all meat or all beef",Pound (lb),2021,3.6520000000000006,4.854,4.007583333333334,USA,USA,"$ (USD, US Dollar)"
1447,"Bologna, all beef or mixed",Pound (lb),2010,3.025,3.377,3.2228333333333334,USA,USA,"$ (USD, US Dollar)"
1453,"Bologna, all beef or mixed",Pound (lb),2011,2.935,3.472,3.1484166666666673,USA,USA,"$ (USD, US Dollar)"
1459,"Bologna, all beef or mixed",Pound (lb),2012,2.798,3.003,2.923166666666667,USA,USA,"$ (USD, US Dollar)"
1465,"Bologna, all beef or mixed",Pound (lb),2013,2.938,3.175,3.0520833333333335,USA,USA,"$ (USD, US Dollar)"
1471,"Bologna, all beef or mixed",Pound (lb),2014,2.88,3.192,3.0117499999999997,USA,USA,"$ (USD, US Dollar)"
1477,"Bologna, all beef or mixed",Pound (lb),2015,2.598,3.038,2.8205833333333334,USA,USA,"$ (USD, US Dollar)"
1483,"Bologna, all beef or mixed",Pound (lb),2016,2.619,2.718,2.650666666666667,USA,USA,"$ (USD, US Dollar)"
1489,"Bologna, all beef or mixed",Pound (lb),2017,2.592,2.839,2.7430833333333333,USA,USA,"$ (USD, US Dollar)"
1495,"Bologna, all beef or mixed",Pound (lb),2018,2.528,2.841,2.6710833333333333,USA,USA,"$ (USD, US Dollar)"
1501,"Bologna, all beef or mixed",Pound (lb),2019,2.599,2.837,2.6958888888888892,USA,USA,"$ (USD, US Dollar)"
1507,"Chicken, fresh, whole",Pound (lb),2010,1.23,1.302,1.2631666666666663,USA,USA,"$ (USD, US Dollar)"
1513,"Chicken, fresh, whole",Pound (lb),2011,1.241,1.34,1.2913333333333332,USA,USA,"$ (USD, US Dollar)"
1519,"Chicken, fresh, whole",Pound (lb),2012,1.334,1.53,1.4221666666666668,USA,USA,"$ (USD, US Dollar)"
1525,"Chicken, fresh, whole",Pound (lb),2013,1.456,1.543,1.4961666666666666,USA,USA,"$ (USD, US Dollar)"
1531,"Chicken, fresh, whole",Pound (lb),2014,1.495,1.572,1.53325,USA,USA,"$ (USD, US Dollar)"
1537,"Chicken, fresh, whole",Pound (lb),2015,1.415,1.55,1.48825,USA,USA,"$ (USD, US Dollar)"
1543,"Chicken, fresh, whole",Pound (lb),2016,1.408,1.502,1.463666666666667,USA,USA,"$ (USD, US Dollar)"
1549,"Chicken, fresh, whole",Pound (lb),2017,1.418,1.499,1.4719166666666668,USA,USA,"$ (USD, US Dollar)"
1555,"Chicken, fresh, whole",Pound (lb),2018,1.444,1.523,1.497083333333333,USA,USA,"$ (USD, US Dollar)"
1561,"Chicken, fresh, whole",Pound (lb),2019,1.43,1.59,1.495,USA,USA,"$ (USD, US Dollar)"
1567,"Chicken, fresh, whole",Pound (lb),2020,1.362,1.747,1.5629090909090906,USA,USA,"$ (USD, US Dollar)"
1573,"Chicken, fresh, whole",Pound (lb),2021,1.435,1.606,1.5265833333333332,USA,USA,"$ (USD, US Dollar)"
1579,"Chicken legs, bone-in",Pound (lb),2010,1.357,1.521,1.46125,USA,USA,"$ (USD, US Dollar)"
1585,"Chicken legs, bone-in",Pound (lb),2011,1.422,1.561,1.4895000000000005,USA,USA,"$ (USD, US Dollar)"
1591,"Chicken legs, bone-in",Pound (lb),2012,1.464,1.651,1.5781666666666665,USA,USA,"$ (USD, US Dollar)"
1597,"Chicken legs, bone-in",Pound (lb),2013,1.525,1.683,1.6115833333333336,USA,USA,"$ (USD, US Dollar)"
1603,"Chicken legs, bone-in",Pound (lb),2014,1.536,1.629,1.5720000000000005,USA,USA,"$ (USD, US Dollar)"
1609,"Chicken legs, bone-in",Pound (lb),2015,1.552,1.622,1.5935,USA,USA,"$ (USD, US Dollar)"
1615,"Chicken legs, bone-in",Pound (lb),2016,1.432,1.579,1.5286666666666668,USA,USA,"$ (USD, US Dollar)"
1621,"Chicken legs, bone-in",Pound (lb),2017,1.418,1.492,1.4543333333333333,USA,USA,"$ (USD, US Dollar)"
1627,"Chicken legs, bone-in",Pound (lb),2018,1.327,1.46,1.4159999999999997,USA,USA,"$ (USD, US Dollar)"
1633,"Chicken legs, bone-in",Pound (lb),2019,1.381,1.505,1.4295833333333332,USA,USA,"$ (USD, US Dollar)"
1639,"Chicken legs, bone-in",Pound (lb),2020,1.451,1.602,1.5497500000000002,USA,USA,"$ (USD, US Dollar)"
1645,"Chicken legs, bone-in",Pound (lb),2021,1.553,1.733,1.643333333333333,USA,USA,"$ (USD, US Dollar)"
1651,American processed cheese,Pound (lb),2010,3.7970000000000006,4.074,3.910416666666666,USA,USA,"$ (USD, US Dollar)"
1657,American processed cheese,Pound (lb),2011,3.734,4.367,4.066083333333332,USA,USA,"$ (USD, US Dollar)"
1663,American processed cheese,Pound (lb),2012,4.03,4.396,4.188000000000001,USA,USA,"$ (USD, US Dollar)"
1669,American processed cheese,Pound (lb),2013,4.065,4.345,4.174833333333333,USA,USA,"$ (USD, US Dollar)"
1675,American processed cheese,Pound (lb),2014,4.286,4.87,4.4935,USA,USA,"$ (USD, US Dollar)"
1681,American processed cheese,Pound (lb),2015,4.265,4.944,4.455916666666667,USA,USA,"$ (USD, US Dollar)"
1687,American processed cheese,Pound (lb),2016,4.214,4.484,4.366916666666667,USA,USA,"$ (USD, US Dollar)"
1693,American processed cheese,Pound (lb),2017,4.089,4.393,4.247750000000001,USA,USA,"$ (USD, US Dollar)"
1699,American processed cheese,Pound (lb),2018,3.944,4.105,4.007363636363636,USA,USA,"$ (USD, US Dollar)"
1705,American processed cheese,Pound (lb),2019,3.772,3.928,3.876416666666667,USA,USA,"$ (USD, US Dollar)"
1711,American processed cheese,Pound (lb),2020,3.847,4.285,4.1042499999999995,USA,USA,"$ (USD, US Dollar)"
1717,American processed cheese,Pound (lb),2021,3.894,4.193,4.036166666666667,USA,USA,"$ (USD, US Dollar)"
1723,"Cheddar cheese, natural",Pound (lb),2010,4.525,5.005,4.70975,USA,USA,"$ (USD, US Dollar)"
1729,"Cheddar cheese, natural",Pound (lb),2011,5.023,5.707,5.41875,USA,USA,"$ (USD, US Dollar)"
1735,"Cheddar cheese, natural",Pound (lb),2012,5.457,5.867,5.625416666666667,USA,USA,"$ (USD, US Dollar)"
1741,"Cheddar cheese, natural",Pound (lb),2013,5.386,5.936,5.5575,USA,USA,"$ (USD, US Dollar)"
1747,"Cheddar cheese, natural",Pound (lb),2014,5.381,5.733,5.542666666666666,USA,USA,"$ (USD, US Dollar)"
1753,"Cheddar cheese, natural",Pound (lb),2015,5.256,5.48,5.379166666666666,USA,USA,"$ (USD, US Dollar)"
1759,"Cheddar cheese, natural",Pound (lb),2016,4.895,5.411,5.234749999999999,USA,USA,"$ (USD, US Dollar)"
1765,"Cheddar cheese, natural",Pound (lb),2017,4.748,5.028,4.895416666666667,USA,USA,"$ (USD, US Dollar)"
1771,"Cheddar cheese, natural",Pound (lb),2018,5.021,5.36,5.135,USA,USA,"$ (USD, US Dollar)"
1777,"Cheddar cheese, natural",Pound (lb),2019,5.193,5.406,5.3077499999999995,USA,USA,"$ (USD, US Dollar)"
1783,"Cheddar cheese, natural",Pound (lb),2020,5.204,5.619,5.496333333333333,USA,USA,"$ (USD, US Dollar)"
1789,"Cheddar cheese, natural",Pound (lb),2021,5.257,5.682,5.44,USA,USA,"$ (USD, US Dollar)"
1795,Bananas,Pound (lb),2010,0.571,0.587,0.5796666666666667,USA,USA,"$ (USD, US Dollar)"
1801,Bananas,Pound (lb),2011,0.596,0.625,0.6101666666666666,USA,USA,"$ (USD, US Dollar)"
1807,Bananas,Pound (lb),2012,0.595,0.607,0.6020833333333333,USA,USA,"$ (USD, US Dollar)"
1813,Bananas,Pound (lb),2013,0.586,0.611,0.5995833333333332,USA,USA,"$ (USD, US Dollar)"
1819,Bananas,Pound (lb),2014,0.582,0.608,0.5980833333333332,USA,USA,"$ (USD, US Dollar)"
1825,Bananas,Pound (lb),2015,0.574,0.597,0.58275,USA,USA,"$ (USD, US Dollar)"
1831,Bananas,Pound (lb),2016,0.562,0.586,0.5730000000000001,USA,USA,"$ (USD, US Dollar)"
1837,Bananas,Pound (lb),2017,0.544,0.573,0.5625833333333333,USA,USA,"$ (USD, US Dollar)"
1843,Bananas,Pound (lb),2018,0.566,0.582,0.5738333333333333,USA,USA,"$ (USD, US Dollar)"
1849,Bananas,Pound (lb),2019,0.567,0.581,0.5735833333333334,USA,USA,"$ (USD, US Dollar)"
1855,Bananas,Pound (lb),2020,0.57,0.589,0.5779166666666666,USA,USA,"$ (USD, US Dollar)"
1861,Bananas,Pound (lb),2021,0.589,0.622,0.6000833333333332,USA,USA,"$ (USD, US Dollar)"
1867,"Oranges, Navel",Pound (lb),2010,0.858,1.302,1.06175,USA,USA,"$ (USD, US Dollar)"
1873,"Oranges, Navel",Pound (lb),2011,0.916,1.438,1.09575,USA,USA,"$ (USD, US Dollar)"
1879,"Oranges, Navel",Pound (lb),2012,0.85,1.296,1.0531666666666666,USA,USA,"$ (USD, US Dollar)"
1885,"Oranges, Navel",Pound (lb),2013,0.981,1.377,1.15075,USA,USA,"$ (USD, US Dollar)"
1891,"Oranges, Navel",Pound (lb),2014,1.118,1.508,1.318916666666667,USA,USA,"$ (USD, US Dollar)"
1897,"Oranges, Navel",Pound (lb),2015,1.165,1.514,1.3044166666666668,USA,USA,"$ (USD, US Dollar)"
1903,"Oranges, Navel",Pound (lb),2016,1.148,1.412,1.2459166666666668,USA,USA,"$ (USD, US Dollar)"
1909,"Oranges, Navel",Pound (lb),2017,1.174,1.59,1.34075,USA,USA,"$ (USD, US Dollar)"
1915,"Oranges, Navel",Pound (lb),2018,1.291,1.559,1.4128333333333332,USA,USA,"$ (USD, US Dollar)"
1921,"Oranges, Navel",Pound (lb),2019,1.28,1.47,1.366666666666667,USA,USA,"$ (USD, US Dollar)"
1927,"Oranges, Navel",Pound (lb),2020,1.174,1.329,1.245,USA,USA,"$ (USD, US Dollar)"
1933,"Oranges, Navel",Pound (lb),2021,1.266,1.49,1.362111111111111,USA,USA,"$ (USD, US Dollar)"
1939,Grapefruit,Pound (lb),2010,0.825,1.018,0.9273333333333336,USA,USA,"$ (USD, US Dollar)"
1945,Grapefruit,Pound (lb),2011,0.846,1.1,0.9758333333333332,USA,USA,"$ (USD, US Dollar)"
1951,Grapefruit,Pound (lb),2012,0.847,1.27,1.0781666666666667,USA,USA,"$ (USD, US Dollar)"
1957,Grapefruit,Pound (lb),2013,0.9529999999999998,1.153,1.04825,USA,USA,"$ (USD, US Dollar)"
1963,Grapefruit,Pound (lb),2014,1.002,1.37,1.1088333333333336,USA,USA,"$ (USD, US Dollar)"
1969,Grapefruit,Pound (lb),2015,0.97,1.21,1.091,USA,USA,"$ (USD, US Dollar)"
1975,Grapefruit,Pound (lb),2016,0.985,1.319,1.1637,USA,USA,"$ (USD, US Dollar)"
1981,Grapefruit,Pound (lb),2017,1.124,1.391,1.27925,USA,USA,"$ (USD, US Dollar)"
1987,Grapefruit,Pound (lb),2018,1.251,1.422,1.345666666666667,USA,USA,"$ (USD, US Dollar)"
1993,Grapefruit,Pound (lb),2019,1.254,1.421,1.34525,USA,USA,"$ (USD, US Dollar)"
1999,Grapefruit,Pound (lb),2020,1.189,1.226,1.2075,USA,USA,"$ (USD, US Dollar)"
2005,Lemons,Pound (lb),2010,1.561,1.757,1.63425,USA,USA,"$ (USD, US Dollar)"
2011,Lemons,Pound (lb),2011,1.465,1.682,1.5806666666666669,USA,USA,"$ (USD, US Dollar)"
2017,Lemons,Pound (lb),2012,1.466,1.678,1.5644999999999998,USA,USA,"$ (USD, US Dollar)"
2023,Lemons,Pound (lb),2013,1.402,1.728,1.5817499999999998,USA,USA,"$ (USD, US Dollar)"
2029,Lemons,Pound (lb),2014,1.667,2.355,1.967666666666667,USA,USA,"$ (USD, US Dollar)"
2035,Lemons,Pound (lb),2015,1.664,2.254,1.981416666666667,USA,USA,"$ (USD, US Dollar)"
2041,Lemons,Pound (lb),2016,1.917,2.171,2.0374166666666667,USA,USA,"$ (USD, US Dollar)"
2047,Lemons,Pound (lb),2017,1.9139999999999997,2.138,2.0068333333333332,USA,USA,"$ (USD, US Dollar)"
2053,Lemons,Pound (lb),2018,2.045,2.557,2.249,USA,USA,"$ (USD, US Dollar)"
2059,Lemons,Pound (lb),2019,1.995,2.363,2.1293333333333337,USA,USA,"$ (USD, US Dollar)"
2065,Lemons,Pound (lb),2020,1.8959999999999997,1.959,1.934666666666667,USA,USA,"$ (USD, US Dollar)"
2071,Lemons,Pound (lb),2021,1.953,2.014,1.98275,USA,USA,"$ (USD, US Dollar)"
2077,"Potatoes, white",Pound (lb),2010,0.553,0.621,0.5769999999999998,USA,USA,"$ (USD, US Dollar)"
2083,"Potatoes, white",Pound (lb),2011,0.603,0.755,0.6769166666666666,USA,USA,"$ (USD, US Dollar)"
2089,"Potatoes, white",Pound (lb),2012,0.621,0.69,0.6591666666666667,USA,USA,"$ (USD, US Dollar)"
2095,"Potatoes, white",Pound (lb),2013,0.611,0.756,0.6675833333333333,USA,USA,"$ (USD, US Dollar)"
2101,"Potatoes, white",Pound (lb),2014,0.636,0.696,0.6739166666666666,USA,USA,"$ (USD, US Dollar)"
2107,"Potatoes, white",Pound (lb),2015,0.633,0.668,0.6495833333333335,USA,USA,"$ (USD, US Dollar)"
2113,"Potatoes, white",Pound (lb),2016,0.652,0.711,0.68125,USA,USA,"$ (USD, US Dollar)"
2119,"Potatoes, white",Pound (lb),2017,0.689,0.752,0.7236666666666666,USA,USA,"$ (USD, US Dollar)"
2125,"Potatoes, white",Pound (lb),2018,0.718,0.768,0.7396666666666666,USA,USA,"$ (USD, US Dollar)"
2131,"Potatoes, white",Pound (lb),2019,0.743,0.794,0.7673333333333333,USA,USA,"$ (USD, US Dollar)"
2137,"Potatoes, white",Pound (lb),2020,0.749,0.856,0.8112,USA,USA,"$ (USD, US Dollar)"
2143,"Potatoes, white",Pound (lb),2021,0.762,0.808,0.7800833333333334,USA,USA,"$ (USD, US Dollar)"
2149,Broccoli,Pound (lb),2010,1.472,1.922,1.5838333333333334,USA,USA,"$ (USD, US Dollar)"
2155,Broccoli,Pound (lb),2011,1.568,1.912,1.7001666666666668,USA,USA,"$ (USD, US Dollar)"
2161,Broccoli,Pound (lb),2012,1.52,1.679,1.6003333333333332,USA,USA,"$ (USD, US Dollar)"
2167,Broccoli,Pound (lb),2013,1.664,2.103,1.8515833333333331,USA,USA,"$ (USD, US Dollar)"
2173,Broccoli,Pound (lb),2014,1.664,1.847,1.7639166666666666,USA,USA,"$ (USD, US Dollar)"
2179,Broccoli,Pound (lb),2015,1.668,1.945,1.7911666666666666,USA,USA,"$ (USD, US Dollar)"
2185,Broccoli,Pound (lb),2016,1.532,2.06,1.6284166666666666,USA,USA,"$ (USD, US Dollar)"
2191,Broccoli,Pound (lb),2017,1.536,1.996,1.8123333333333336,USA,USA,"$ (USD, US Dollar)"
2197,Broccoli,Pound (lb),2018,1.756,2.074,1.8530833333333336,USA,USA,"$ (USD, US Dollar)"
2203,Broccoli,Pound (lb),2019,1.8540000000000003,2.114,1.9950833333333335,USA,USA,"$ (USD, US Dollar)"
2209,Broccoli,Pound (lb),2020,1.956,2.052,1.993,USA,USA,"$ (USD, US Dollar)"
